region,region_old,district,crop,year,yield_mt_ha,national_avg_yield_mt_ha,potential_yield_mt_ha,rainfall_mm,rainfall_flagged,soil_ph_mid,organic_matter_pct_mid,total_nitrogen_pct_mid,avail_phosphorus_mg_kg_mid,cation_exchange_capacity_mid
ASHANTI,ASHANTI,AMANSIE WEST,CASSAVA,2021,33.5,24.27,45.0,1491.0,False,5.7,6.915,0.26,3.49,4.81
ASHANTI,ASHANTI,AMANSIE WEST,CASSAVA,2022,33.0,24.27,45.0,1375.0,False,5.7,6.915,0.26,3.49,4.81
ASHANTI,ASHANTI,AMANSIE WEST,CASSAVA,2023,32.07,24.27,45.0,1624.0,False,5.7,6.915,0.26,3.49,4.81
ASHANTI,ASHANTI,BEKWAI (AMANSIE EAST),CASSAVA,2021,33.5,24.27,45.0,1491.0,False,5.7,6.915,0.26,3.49,4.81
ASHANTI,ASHANTI,BEKWAI (AMANSIE EAST),CASSAVA,2022,34.6,24.27,45.0,1375.0,False,5.7,6.915,0.26,3.49,4.81
ASHANTI,ASHANTI,BEKWAI (AMANSIE EAST),CASSAVA,2023,34.6,24.27,45.0,1624.0,False,5.7,6.915,0.26,3.49,4.81
ASHANTI,ASHANTI,SEKYERE EAST,CASSAVA,2021,43.6,24.27,45.0,1491.0,False,5.7,6.915,0.26,3.49,4.81
ASHANTI,ASHANTI,SEKYERE EAST,CASSAVA,2022,43.9,24.27,45.0,1375.0,False,5.7,6.915,0.26,3.49,4.81
ASHANTI,ASHANTI,SEKYERE EAST,CASSAVA,2023,42.63,24.27,45.0,1624.0,False,5.7,6.915,0.26,3.49,4.81
CENTRAL,CENTRAL,ASSIN SOUTH,CASSAVA,2021,30.9,24.27,45.0,1381.0,False,6.05,2.15,0.185,4.9,1.2
CENTRAL,CENTRAL,ASSIN SOUTH,CASSAVA,2022,33.82,24.27,45.0,960.0,False,6.05,2.15,0.185,4.9,1.2
CENTRAL,CENTRAL,ASSIN SOUTH,CASSAVA,2023,32.88,24.27,45.0,1635.0,False,6.05,2.15,0.185,4.9,1.2
EASTERN,EASTERN,AKUAPIM NORTH,CASSAVA,2021,34.14,24.27,45.0,1597.0,False,5.95,4.095,0.185,1.74,4.81
EASTERN,EASTERN,AKUAPIM NORTH,CASSAVA,2022,34.21,24.27,45.0,1389.0,False,5.95,4.095,0.185,1.74,4.81
EASTERN,EASTERN,AKUAPIM NORTH,CASSAVA,2023,34.28,24.27,45.0,1416.0,False,5.95,4.095,0.185,1.74,4.81
EASTERN,EASTERN,AKUAPIM SOUTH,CASSAVA,2021,28.07,24.27,45.0,1597.0,False,5.95,4.095,0.185,1.74,4.81
EASTERN,EASTERN,AKUAPIM SOUTH,CASSAVA,2022,32.18,24.27,45.0,1389.0,False,5.95,4.095,0.185,1.74,4.81
EASTERN,EASTERN,AKUAPIM SOUTH,CASSAVA,2023,32.24,24.27,45.0,1416.0,False,5.95,4.095,0.185,1.74,4.81
EASTERN,EASTERN,AKYEMANSA,CASSAVA,2021,32.26,24.27,45.0,1597.0,False,5.95,4.095,0.185,1.74,4.81
EASTERN,EASTERN,AKYEMANSA,CASSAVA,2022,32.32,24.27,45.0,1389.0,False,5.95,4.095,0.185,1.74,4.81
EASTERN,EASTERN,AKYEMANSA,CASSAVA,2023,32.38,24.27,45.0,1416.0,False,5.95,4.095,0.185,1.74,4.81
EASTERN,EASTERN,ATIWA EAST,CASSAVA,2021,37.67,24.27,45.0,1597.0,False,5.95,4.095,0.185,1.74,4.81
EASTERN,EASTERN,ATIWA EAST,CASSAVA,2022,37.75,24.27,45.0,1389.0,False,5.95,4.095,0.185,1.74,4.81
EASTERN,EASTERN,ATIWA EAST,CASSAVA,2023,37.83,24.27,45.0,1416.0,False,5.95,4.095,0.185,1.74,4.81
EASTERN,EASTERN,ATIWA WEST,CASSAVA,2021,38.2,24.27,45.0,1597.0,False,5.95,4.095,0.185,1.74,4.81
EASTERN,EASTERN,ATIWA WEST,CASSAVA,2022,38.28,24.27,45.0,1389.0,False,5.95,4.095,0.185,1.74,4.81
EASTERN,EASTERN,ATIWA WEST,CASSAVA,2023,38.36,24.27,45.0,1416.0,False,5.95,4.095,0.185,1.74,4.81
EASTERN,EASTERN,UPPER WEST AKIM,CASSAVA,2021,33.1,24.27,45.0,1597.0,False,5.95,4.095,0.185,1.74,4.81
EASTERN,EASTERN,UPPER WEST AKIM,CASSAVA,2022,33.17,24.27,45.0,1389.0,False,5.95,4.095,0.185,1.74,4.81
EASTERN,EASTERN,UPPER WEST AKIM,CASSAVA,2023,33.24,24.27,45.0,1416.0,False,5.95,4.095,0.185,1.74,4.81
AHAFO,BRONG AHAFO,TANO NORTH,COCOYAM,2021,7.59,7.77,20.0,1361.0,False,5.9,6.915,0.26,0.205,4.81
AHAFO,BRONG AHAFO,TANO NORTH,COCOYAM,2022,19.0,7.77,20.0,1229.5,True,5.9,6.915,0.26,0.205,4.81
AHAFO,BRONG AHAFO,TANO NORTH,COCOYAM,2023,13.0,7.77,20.0,1298.0,False,5.9,6.915,0.26,0.205,4.81
EASTERN,EASTERN,ASENE MANSO AKROSO,COCOYAM,2021,9.65,7.77,20.0,1597.0,False,5.95,4.095,0.185,1.74,4.81
EASTERN,EASTERN,ASENE MANSO AKROSO,COCOYAM,2022,9.62,7.77,20.0,1389.0,False,5.95,4.095,0.185,1.74,4.81
EASTERN,EASTERN,ASENE MANSO AKROSO,COCOYAM,2023,9.59,7.77,20.0,1416.0,False,5.95,4.095,0.185,1.74,4.81
EASTERN,EASTERN,ATIWA EAST,COCOYAM,2021,9.97,7.77,20.0,1597.0,False,5.95,4.095,0.185,1.74,4.81
EASTERN,EASTERN,ATIWA EAST,COCOYAM,2022,9.94,7.77,20.0,1389.0,False,5.95,4.095,0.185,1.74,4.81
EASTERN,EASTERN,ATIWA EAST,COCOYAM,2023,9.92,7.77,20.0,1416.0,False,5.95,4.095,0.185,1.74,4.81
EASTERN,EASTERN,ATIWA WEST,COCOYAM,2021,9.94,7.77,20.0,1597.0,False,5.95,4.095,0.185,1.74,4.81
EASTERN,EASTERN,ATIWA WEST,COCOYAM,2022,9.9,7.77,20.0,1389.0,False,5.95,4.095,0.185,1.74,4.81
EASTERN,EASTERN,ATIWA WEST,COCOYAM,2023,9.88,7.77,20.0,1416.0,False,5.95,4.095,0.185,1.74,4.81
EASTERN,EASTERN,AYENSUANO,COCOYAM,2021,9.92,7.77,20.0,1597.0,False,5.95,4.095,0.185,1.74,4.81
EASTERN,EASTERN,AYENSUANO,COCOYAM,2022,9.89,7.77,20.0,1389.0,False,5.95,4.095,0.185,1.74,4.81
EASTERN,EASTERN,AYENSUANO,COCOYAM,2023,9.86,7.77,20.0,1416.0,False,5.95,4.095,0.185,1.74,4.81
EASTERN,EASTERN,BIRIM CENTRAL,COCOYAM,2021,9.75,7.77,20.0,1597.0,False,5.95,4.095,0.185,1.74,4.81
EASTERN,EASTERN,BIRIM CENTRAL,COCOYAM,2022,9.72,7.77,20.0,1389.0,False,5.95,4.095,0.185,1.74,4.81
EASTERN,EASTERN,BIRIM CENTRAL,COCOYAM,2023,9.69,7.77,20.0,1416.0,False,5.95,4.095,0.185,1.74,4.81
EASTERN,EASTERN,FANTEAKWA NORTH,COCOYAM,2021,10.38,7.77,20.0,1597.0,False,5.95,4.095,0.185,1.74,4.81
EASTERN,EASTERN,FANTEAKWA NORTH,COCOYAM,2022,10.35,7.77,20.0,1389.0,False,5.95,4.095,0.185,1.74,4.81
EASTERN,EASTERN,FANTEAKWA NORTH,COCOYAM,2023,10.38,7.77,20.0,1416.0,False,5.95,4.095,0.185,1.74,4.81
EASTERN,EASTERN,FANTEAKWA SOUTH,COCOYAM,2021,10.38,7.77,20.0,1597.0,False,5.95,4.095,0.185,1.74,4.81
EASTERN,EASTERN,FANTEAKWA SOUTH,COCOYAM,2022,10.35,7.77,20.0,1389.0,False,5.95,4.095,0.185,1.74,4.81
EASTERN,EASTERN,FANTEAKWA SOUTH,COCOYAM,2023,10.37,7.77,20.0,1416.0,False,5.95,4.095,0.185,1.74,4.81
WESTERN,WESTERN,AMENFI CENTRAL,COCOYAM,2021,10.99,7.77,20.0,1637.0,False,5.55,7.01,0.185,0.13,0.605
WESTERN,WESTERN,AMENFI CENTRAL,COCOYAM,2022,10.94,7.77,20.0,1390.0,True,5.55,7.01,0.185,0.13,0.605
WESTERN,WESTERN,AMENFI CENTRAL,COCOYAM,2023,11.09,7.77,20.0,2039.0,False,5.55,7.01,0.185,0.13,0.605
WESTERN NORTH,WESTERN,SEFWI WIAWSO,COCOYAM,2021,9.87,7.77,20.0,1637.0,False,5.55,7.01,0.185,0.13,0.605
WESTERN NORTH,WESTERN,SEFWI WIAWSO,COCOYAM,2022,9.92,7.77,20.0,1390.0,True,5.55,7.01,0.185,0.13,0.605
WESTERN NORTH,WESTERN,SEFWI WIAWSO,COCOYAM,2023,9.98,7.77,20.0,1909.0,False,5.55,7.01,0.185,0.13,0.605
NORTHERN,NORTHERN,YENDI,COWPEA,2021,2.29,1.81,2.5,1137.0,False,5.75,3.37,0.07,3.8,3.925
NORTHERN,NORTHERN,YENDI,COWPEA,2022,2.24,1.81,2.5,1076.0,True,5.75,3.37,0.07,3.8,3.925
VOLTA,VOLTA,AGORTIME ZIOPE,COWPEA,2021,2.34,1.81,2.5,1146.0,False,5.95,2.815,0.01,3.31,4.64
VOLTA,VOLTA,AGORTIME ZIOPE,COWPEA,2022,3.81,1.81,2.5,1201.0,True,5.95,2.815,0.01,3.31,4.64
VOLTA,VOLTA,AGORTIME ZIOPE,COWPEA,2023,3.9,1.81,2.5,1450.0,False,5.95,2.815,0.01,3.31,4.64
VOLTA,VOLTA,AKATSI SOUTH,COWPEA,2021,3.43,1.81,2.5,1146.0,False,5.95,2.815,0.01,3.31,4.64
VOLTA,VOLTA,AKATSI SOUTH,COWPEA,2022,3.98,1.81,2.5,1201.0,True,5.95,2.815,0.01,3.31,4.64
VOLTA,VOLTA,AKATSI SOUTH,COWPEA,2023,4.0,1.81,2.5,1450.0,False,5.95,2.815,0.01,3.31,4.64
VOLTA,VOLTA,CENTRAL TONGU,COWPEA,2021,2.2,1.81,2.5,1146.0,False,5.95,2.815,0.01,3.31,4.64
VOLTA,VOLTA,CENTRAL TONGU,COWPEA,2022,3.46,1.81,2.5,1201.0,True,5.95,2.815,0.01,3.31,4.64
VOLTA,VOLTA,CENTRAL TONGU,COWPEA,2023,3.0,1.81,2.5,1450.0,False,5.95,2.815,0.01,3.31,4.64
VOLTA,VOLTA,HO MUNICIPAL,COWPEA,2021,2.0,1.81,2.5,1146.0,False,5.95,2.815,0.01,3.31,4.64
VOLTA,VOLTA,HO MUNICIPAL,COWPEA,2022,3.81,1.81,2.5,1201.0,True,5.95,2.815,0.01,3.31,4.64
VOLTA,VOLTA,HO MUNICIPAL,COWPEA,2023,3.94,1.81,2.5,1450.0,False,5.95,2.815,0.01,3.31,4.64
VOLTA,VOLTA,HO WEST,COWPEA,2021,2.83,1.81,2.5,1146.0,False,5.95,2.815,0.01,3.31,4.64
VOLTA,VOLTA,HO WEST,COWPEA,2022,3.97,1.81,2.5,1201.0,True,5.95,2.815,0.01,3.31,4.64
VOLTA,VOLTA,HO WEST,COWPEA,2023,4.05,1.81,2.5,1450.0,False,5.95,2.815,0.01,3.31,4.64
VOLTA,VOLTA,KETU NORTH,COWPEA,2021,3.84,1.81,2.5,1146.0,False,5.95,2.815,0.01,3.31,4.64
VOLTA,VOLTA,KETU NORTH,COWPEA,2022,4.54,1.81,2.5,1201.0,True,5.95,2.815,0.01,3.31,4.64
VOLTA,VOLTA,KETU NORTH,COWPEA,2023,4.85,1.81,2.5,1450.0,False,5.95,2.815,0.01,3.31,4.64
VOLTA,VOLTA,NORTH TONGU,COWPEA,2021,2.17,1.81,2.5,1146.0,False,5.95,2.815,0.01,3.31,4.64
VOLTA,VOLTA,NORTH TONGU,COWPEA,2022,3.58,1.81,2.5,1201.0,True,5.95,2.815,0.01,3.31,4.64
VOLTA,VOLTA,NORTH TONGU,COWPEA,2023,3.2,1.81,2.5,1450.0,False,5.95,2.815,0.01,3.31,4.64
VOLTA,VOLTA,SOUTH DAYI,COWPEA,2021,1.9,1.81,2.5,1146.0,False,5.95,2.815,0.01,3.31,4.64
VOLTA,VOLTA,SOUTH DAYI,COWPEA,2022,2.89,1.81,2.5,1201.0,True,5.95,2.815,0.01,3.31,4.64
VOLTA,VOLTA,SOUTH DAYI,COWPEA,2023,3.0,1.81,2.5,1450.0,False,5.95,2.815,0.01,3.31,4.64
VOLTA,VOLTA,SOUTH TONGU,COWPEA,2021,2.4,1.81,2.5,1146.0,False,5.95,2.815,0.01,3.31,4.64
VOLTA,VOLTA,SOUTH TONGU,COWPEA,2022,3.64,1.81,2.5,1201.0,True,5.95,2.815,0.01,3.31,4.64
VOLTA,VOLTA,SOUTH TONGU,COWPEA,2023,3.4,1.81,2.5,1450.0,False,5.95,2.815,0.01,3.31,4.64
ASHANTI,ASHANTI,AFIGYA KWABRE,GROUNDNUT,2021,2.53,2.01,3.5,1491.0,False,5.7,6.915,0.26,3.49,4.81
ASHANTI,ASHANTI,AFIGYA KWABRE,GROUNDNUT,2022,2.6,2.01,3.5,1375.0,False,5.7,6.915,0.26,3.49,4.81
ASHANTI,ASHANTI,AFIGYA KWABRE,GROUNDNUT,2023,2.57,2.01,3.5,1624.0,False,5.7,6.915,0.26,3.49,4.81
ASHANTI,ASHANTI,SEKYERE SOUTH,GROUNDNUT,2021,2.42,2.01,3.5,1491.0,False,5.7,6.915,0.26,3.49,4.81
ASHANTI,ASHANTI,SEKYERE SOUTH,GROUNDNUT,2022,2.52,2.01,3.5,1375.0,False,5.7,6.915,0.26,3.49,4.81
ASHANTI,ASHANTI,SEKYERE SOUTH,GROUNDNUT,2023,2.52,2.01,3.5,1624.0,False,5.7,6.915,0.26,3.49,4.81
NORTHEAST,NORTHERN,BUNKPURUGU NAKPANDURI,GROUNDNUT,2021,2.0,2.01,3.5,1137.0,False,5.75,3.37,0.07,3.8,3.925
NORTHEAST,NORTHERN,BUNKPURUGU NAKPANDURI,GROUNDNUT,2022,3.05,2.01,3.5,1076.0,True,5.75,3.37,0.07,3.8,3.925
NORTHEAST,NORTHERN,BUNKPURUGU NAKPANDURI,GROUNDNUT,2023,3.3,2.01,3.5,1150.0,False,5.75,3.37,0.07,3.8,3.925
NORTHERN,NORTHERN,TATALE SANGULI,GROUNDNUT,2021,2.09,2.01,3.5,1137.0,False,5.75,3.37,0.07,3.8,3.925
NORTHERN,NORTHERN,TATALE SANGULI,GROUNDNUT,2022,2.0,2.01,3.5,1076.0,True,5.75,3.37,0.07,3.8,3.925
NORTHERN,NORTHERN,TOLON,GROUNDNUT,2021,2.24,2.01,3.5,1137.0,False,5.75,3.37,0.07,3.8,3.925
NORTHERN,NORTHERN,TOLON,GROUNDNUT,2022,2.0,2.01,3.5,1076.0,True,5.75,3.37,0.07,3.8,3.925
NORTHERN,NORTHERN,TOLON,GROUNDNUT,2023,4.0,2.01,3.5,1115.0,False,5.75,3.37,0.07,3.8,3.925
OTI,VOLTA,NKWANTA SOUTH,GROUNDNUT,2021,2.8,2.01,3.5,1146.0,False,5.95,2.815,0.01,3.31,4.64
OTI,VOLTA,NKWANTA SOUTH,GROUNDNUT,2022,2.4,2.01,3.5,1201.0,True,5.95,2.815,0.01,3.31,4.64
OTI,VOLTA,NKWANTA SOUTH,GROUNDNUT,2023,2.5,2.01,3.5,1401.0,False,5.95,2.815,0.01,3.31,4.64
SAVANNAH,NORTHERN,SAWLA/TUNA/KALBA,GROUNDNUT,2021,2.4,2.01,3.5,1137.0,False,5.75,3.37,0.07,3.8,3.925
SAVANNAH,NORTHERN,SAWLA/TUNA/KALBA,GROUNDNUT,2022,2.9,2.01,3.5,1076.0,True,5.75,3.37,0.07,3.8,3.925
SAVANNAH,NORTHERN,SAWLA/TUNA/KALBA,GROUNDNUT,2023,2.84,2.01,3.5,1536.0,False,5.75,3.37,0.07,3.8,3.925
VOLTA,VOLTA,AFADZATO SOUTH,GROUNDNUT,2022,3.6,2.01,3.5,1201.0,True,5.95,2.815,0.01,3.31,4.64
VOLTA,VOLTA,AFADZATO SOUTH,GROUNDNUT,2023,3.86,2.01,3.5,1450.0,False,5.95,2.815,0.01,3.31,4.64
VOLTA,VOLTA,HO MUNICIPAL,GROUNDNUT,2021,1.8,2.01,3.5,1146.0,False,5.95,2.815,0.01,3.31,4.64
VOLTA,VOLTA,HO MUNICIPAL,GROUNDNUT,2022,3.3,2.01,3.5,1201.0,True,5.95,2.815,0.01,3.31,4.64
VOLTA,VOLTA,HO MUNICIPAL,GROUNDNUT,2023,3.9,2.01,3.5,1450.0,False,5.95,2.815,0.01,3.31,4.64
VOLTA,VOLTA,KETA MUNICIPAL,GROUNDNUT,2021,3.34,2.01,3.5,1146.0,False,5.95,2.815,0.01,3.31,4.64
VOLTA,VOLTA,KETA MUNICIPAL,GROUNDNUT,2022,4.83,2.01,3.5,1201.0,True,5.95,2.815,0.01,3.31,4.64
VOLTA,VOLTA,KETA MUNICIPAL,GROUNDNUT,2023,4.91,2.01,3.5,1450.0,False,5.95,2.815,0.01,3.31,4.64
ASHANTI,ASHANTI,AMANSIE WEST,MAIZE,2021,4.3,2.6,5.5,1491.0,False,5.7,6.915,0.26,3.49,4.81
ASHANTI,ASHANTI,AMANSIE WEST,MAIZE,2022,4.39,2.6,5.5,1375.0,False,5.7,6.915,0.26,3.49,4.81
ASHANTI,ASHANTI,AMANSIE WEST,MAIZE,2023,4.52,2.6,5.5,1624.0,False,5.7,6.915,0.26,3.49,4.81
ASHANTI,ASHANTI,ATWIMA MPONUA,MAIZE,2021,3.96,2.6,5.5,1491.0,False,5.7,6.915,0.26,3.49,4.81
ASHANTI,ASHANTI,ATWIMA MPONUA,MAIZE,2022,3.95,2.6,5.5,1375.0,False,5.7,6.915,0.26,3.49,4.81
ASHANTI,ASHANTI,ATWIMA MPONUA,MAIZE,2023,4.3,2.6,5.5,1624.0,False,5.7,6.915,0.26,3.49,4.81
ASHANTI,ASHANTI,BEKWAI (AMANSIE EAST),MAIZE,2021,3.95,2.6,5.5,1491.0,False,5.7,6.915,0.26,3.49,4.81
ASHANTI,ASHANTI,BEKWAI (AMANSIE EAST),MAIZE,2022,3.9,2.6,5.5,1375.0,False,5.7,6.915,0.26,3.49,4.81
ASHANTI,ASHANTI,BEKWAI (AMANSIE EAST),MAIZE,2023,4.05,2.6,5.5,1624.0,False,5.7,6.915,0.26,3.49,4.81
CENTRAL,CENTRAL,AGONA EAST,MAIZE,2021,3.19,2.6,5.5,1381.0,False,6.05,2.15,0.185,4.9,1.2
CENTRAL,CENTRAL,AGONA EAST,MAIZE,2022,4.04,2.6,5.5,960.0,False,6.05,2.15,0.185,4.9,1.2
CENTRAL,CENTRAL,AGONA EAST,MAIZE,2023,4.98,2.6,5.5,1635.0,False,6.05,2.15,0.185,4.9,1.2
CENTRAL,CENTRAL,ASSIN CENTRAL,MAIZE,2021,3.24,2.6,5.5,1381.0,False,6.05,2.15,0.185,4.9,1.2
CENTRAL,CENTRAL,ASSIN CENTRAL,MAIZE,2022,4.0,2.6,5.5,960.0,False,6.05,2.15,0.185,4.9,1.2
CENTRAL,CENTRAL,ASSIN CENTRAL,MAIZE,2023,4.9,2.6,5.5,1635.0,False,6.05,2.15,0.185,4.9,1.2
CENTRAL,CENTRAL,AWUTU-SENYA WEST,MAIZE,2021,3.41,2.6,5.5,1381.0,False,6.05,2.15,0.185,4.9,1.2
CENTRAL,CENTRAL,AWUTU-SENYA WEST,MAIZE,2022,4.6,2.6,5.5,960.0,False,6.05,2.15,0.185,4.9,1.2
CENTRAL,CENTRAL,AWUTU-SENYA WEST,MAIZE,2023,3.55,2.6,5.5,1635.0,False,6.05,2.15,0.185,4.9,1.2
CENTRAL,CENTRAL,TWIFO ATTI MORKWA,MAIZE,2021,3.6,2.6,5.5,1381.0,False,6.05,2.15,0.185,4.9,1.2
CENTRAL,CENTRAL,TWIFO ATTI MORKWA,MAIZE,2022,3.95,2.6,5.5,960.0,False,6.05,2.15,0.185,4.9,1.2
CENTRAL,CENTRAL,TWIFO ATTI MORKWA,MAIZE,2023,4.2,2.6,5.5,1635.0,False,6.05,2.15,0.185,4.9,1.2
GREATER ACCRA,GREATER ACCRA,AMA,MAIZE,2021,3.75,2.6,5.5,514.0,False,6.95,2.0,0.16,3.31,4.64
GREATER ACCRA,GREATER ACCRA,AMA,MAIZE,2022,4.2,2.6,5.5,679.0,False,6.95,2.0,0.16,3.31,4.64
OTI,VOLTA,BIAKOYE,MAIZE,2021,3.9,2.6,5.5,1146.0,False,5.95,2.815,0.01,3.31,4.64
OTI,VOLTA,BIAKOYE,MAIZE,2022,3.7,2.6,5.5,1201.0,True,5.95,2.815,0.01,3.31,4.64
OTI,VOLTA,BIAKOYE,MAIZE,2023,3.9,2.6,5.5,1401.0,False,5.95,2.815,0.01,3.31,4.64
WESTERN,WESTERN,AHANTA WEST,MAIZE,2021,3.83,2.6,5.5,1637.0,False,5.55,7.01,0.185,0.13,0.605
WESTERN,WESTERN,AHANTA WEST,MAIZE,2022,3.82,2.6,5.5,1390.0,True,5.55,7.01,0.185,0.13,0.605
WESTERN,WESTERN,AHANTA WEST,MAIZE,2023,4.01,2.6,5.5,2039.0,False,5.55,7.01,0.185,0.13,0.605
NORTHEAST,NORTHERN,BUNKPURUGU NAKPANDURI,MILLET,2021,2.26,1.77,2.0,1137.0,False,5.75,3.37,0.07,3.8,3.925
NORTHEAST,NORTHERN,BUNKPURUGU NAKPANDURI,MILLET,2022,2.55,1.77,2.0,1076.0,True,5.75,3.37,0.07,3.8,3.925
NORTHEAST,NORTHERN,BUNKPURUGU NAKPANDURI,MILLET,2023,2.7,1.77,2.0,1150.0,False,5.75,3.37,0.07,3.8,3.925
NORTHERN,NORTHERN,GUSHIEGU,MILLET,2021,1.88,1.77,2.0,1137.0,False,5.75,3.37,0.07,3.8,3.925
NORTHERN,NORTHERN,GUSHIEGU,MILLET,2022,2.2,1.77,2.0,1076.0,True,5.75,3.37,0.07,3.8,3.925
NORTHERN,NORTHERN,GUSHIEGU,MILLET,2023,2.3,1.77,2.0,1115.0,False,5.75,3.37,0.07,3.8,3.925
NORTHERN,NORTHERN,SABOBA,MILLET,2021,2.5,1.77,2.0,1137.0,False,5.75,3.37,0.07,3.8,3.925
NORTHERN,NORTHERN,SABOBA,MILLET,2022,2.2,1.77,2.0,1076.0,True,5.75,3.37,0.07,3.8,3.925
NORTHERN,NORTHERN,SABOBA,MILLET,2023,2.52,1.77,2.0,1115.0,False,5.75,3.37,0.07,3.8,3.925
NORTHERN,NORTHERN,TATALE SANGULI,MILLET,2021,2.4,1.77,2.0,1137.0,False,5.75,3.37,0.07,3.8,3.925
NORTHERN,NORTHERN,TATALE SANGULI,MILLET,2022,2.0,1.77,2.0,1076.0,True,5.75,3.37,0.07,3.8,3.925
NORTHERN,NORTHERN,TATALE SANGULI,MILLET,2023,1.91,1.77,2.0,1115.0,False,5.75,3.37,0.07,3.8,3.925
NORTHERN,NORTHERN,ZABZUGU,MILLET,2021,2.5,1.77,2.0,1137.0,False,5.75,3.37,0.07,3.8,3.925
NORTHERN,NORTHERN,ZABZUGU,MILLET,2022,2.2,1.77,2.0,1076.0,True,5.75,3.37,0.07,3.8,3.925
NORTHERN,NORTHERN,ZABZUGU,MILLET,2023,4.2,1.77,2.0,1115.0,False,5.75,3.37,0.07,3.8,3.925
SAVANNAH,NORTHERN,NORTH GONJA,MILLET,2021,1.9,1.77,2.0,1137.0,False,5.75,3.37,0.07,3.8,3.925
SAVANNAH,NORTHERN,NORTH GONJA,MILLET,2022,2.8,1.77,2.0,1076.0,True,5.75,3.37,0.07,3.8,3.925
SAVANNAH,NORTHERN,NORTH GONJA,MILLET,2023,2.84,1.77,2.0,1536.0,False,5.75,3.37,0.07,3.8,3.925
SAVANNAH,NORTHERN,SAWLA/TUNA/KALBA,MILLET,2021,2.1,1.77,2.0,1137.0,False,5.75,3.37,0.07,3.8,3.925
SAVANNAH,NORTHERN,SAWLA/TUNA/KALBA,MILLET,2022,2.2,1.77,2.0,1076.0,True,5.75,3.37,0.07,3.8,3.925
SAVANNAH,NORTHERN,SAWLA/TUNA/KALBA,MILLET,2023,2.31,1.77,2.0,1536.0,False,5.75,3.37,0.07,3.8,3.925
UPPER WEST,UPPER WEST,LAWRA,MILLET,2021,2.1,1.77,2.0,1184.0,False,5.95,3.755,0.035,1.81,2.395
UPPER WEST,UPPER WEST,LAWRA,MILLET,2022,2.15,1.77,2.0,1314.3,False,5.95,3.755,0.035,1.81,2.395
UPPER WEST,UPPER WEST,LAWRA,MILLET,2023,2.16,1.77,2.0,1273.0,False,5.95,3.755,0.035,1.81,2.395
UPPER WEST,UPPER WEST,SISSALA EAST,MILLET,2021,2.4,1.77,2.0,1184.0,False,5.95,3.755,0.035,1.81,2.395
UPPER WEST,UPPER WEST,SISSALA EAST,MILLET,2022,2.42,1.77,2.0,1314.3,False,5.95,3.755,0.035,1.81,2.395
UPPER WEST,UPPER WEST,SISSALA EAST,MILLET,2023,2.43,1.77,2.0,1273.0,False,5.95,3.755,0.035,1.81,2.395
UPPER WEST,UPPER WEST,SISSALA WEST,MILLET,2021,2.1,1.77,2.0,1184.0,False,5.95,3.755,0.035,1.81,2.395
UPPER WEST,UPPER WEST,SISSALA WEST,MILLET,2022,2.2,1.77,2.0,1314.3,False,5.95,3.755,0.035,1.81,2.395
UPPER WEST,UPPER WEST,SISSALA WEST,MILLET,2023,2.3,1.77,2.0,1273.0,False,5.95,3.755,0.035,1.81,2.395
AHAFO,BRONG AHAFO,ASUNAFO NORTH,PLANTAIN,2021,14.1,14.53,38.0,1361.0,False,5.9,6.915,0.26,0.205,4.81
AHAFO,BRONG AHAFO,ASUNAFO NORTH,PLANTAIN,2022,20.33,14.53,38.0,1229.5,True,5.9,6.915,0.26,0.205,4.81
AHAFO,BRONG AHAFO,ASUNAFO NORTH,PLANTAIN,2023,20.48,14.53,38.0,1298.0,False,5.9,6.915,0.26,0.205,4.81
AHAFO,BRONG AHAFO,ASUNAFO SOUTH,PLANTAIN,2021,15.85,14.53,38.0,1361.0,False,5.9,6.915,0.26,0.205,4.81
AHAFO,BRONG AHAFO,ASUNAFO SOUTH,PLANTAIN,2022,18.14,14.53,38.0,1229.5,True,5.9,6.915,0.26,0.205,4.81
AHAFO,BRONG AHAFO,ASUNAFO SOUTH,PLANTAIN,2023,19.2,14.53,38.0,1298.0,False,5.9,6.915,0.26,0.205,4.81
AHAFO,BRONG AHAFO,ASUTIFI SOUTH,PLANTAIN,2021,19.8,14.53,38.0,1361.0,False,5.9,6.915,0.26,0.205,4.81
AHAFO,BRONG AHAFO,ASUTIFI SOUTH,PLANTAIN,2022,16.12,14.53,38.0,1229.5,True,5.9,6.915,0.26,0.205,4.81
AHAFO,BRONG AHAFO,ASUTIFI SOUTH,PLANTAIN,2023,16.35,14.53,38.0,1298.0,False,5.9,6.915,0.26,0.205,4.81
ASHANTI,ASHANTI,AHAFO ANO NORTH,PLANTAIN,2021,17.54,14.53,38.0,1491.0,False,5.7,6.915,0.26,3.49,4.81
ASHANTI,ASHANTI,AHAFO ANO NORTH,PLANTAIN,2022,17.67,14.53,38.0,1375.0,False,5.7,6.915,0.26,3.49,4.81
ASHANTI,ASHANTI,AHAFO ANO NORTH,PLANTAIN,2023,17.58,14.53,38.0,1624.0,False,5.7,6.915,0.26,3.49,4.81
GREATER ACCRA,GREATER ACCRA,AYAWASO CENTRAL,PLANTAIN,2021,32.3,14.53,38.0,514.0,False,6.95,2.0,0.16,3.31,4.64
GREATER ACCRA,GREATER ACCRA,AYAWASO CENTRAL,PLANTAIN,2022,32.3,14.53,38.0,679.0,False,6.95,2.0,0.16,3.31,4.64
WESTERN,WESTERN,AMENFI CENTRAL,PLANTAIN,2021,24.38,14.53,38.0,1637.0,False,5.55,7.01,0.185,0.13,0.605
WESTERN,WESTERN,AMENFI CENTRAL,PLANTAIN,2022,25.73,14.53,38.0,1390.0,True,5.55,7.01,0.185,0.13,0.605
WESTERN,WESTERN,AMENFI CENTRAL,PLANTAIN,2023,24.63,14.53,38.0,2039.0,False,5.55,7.01,0.185,0.13,0.605
WESTERN,WESTERN,AMENFI EAST,PLANTAIN,2021,17.47,14.53,38.0,1637.0,False,5.55,7.01,0.185,0.13,0.605
WESTERN,WESTERN,AMENFI EAST,PLANTAIN,2022,18.27,14.53,38.0,1390.0,True,5.55,7.01,0.185,0.13,0.605
WESTERN,WESTERN,AMENFI EAST,PLANTAIN,2023,17.36,14.53,38.0,2039.0,False,5.55,7.01,0.185,0.13,0.605
WESTERN,WESTERN,EFFIA KWESIMINTSIM,PLANTAIN,2021,17.98,14.53,38.0,1637.0,False,5.55,7.01,0.185,0.13,0.605
WESTERN,WESTERN,EFFIA KWESIMINTSIM,PLANTAIN,2022,18.19,14.53,38.0,1390.0,True,5.55,7.01,0.185,0.13,0.605
WESTERN,WESTERN,EFFIA KWESIMINTSIM,PLANTAIN,2023,18.05,14.53,38.0,2039.0,False,5.55,7.01,0.185,0.13,0.605
WESTERN,WESTERN,WASSA EAST,PLANTAIN,2021,18.13,14.53,38.0,1637.0,False,5.55,7.01,0.185,0.13,0.605
WESTERN,WESTERN,WASSA EAST,PLANTAIN,2022,18.87,14.53,38.0,1390.0,True,5.55,7.01,0.185,0.13,0.605
WESTERN,WESTERN,WASSA EAST,PLANTAIN,2023,18.21,14.53,38.0,2039.0,False,5.55,7.01,0.185,0.13,0.605
WESTERN NORTH,WESTERN,BIA EAST,PLANTAIN,2021,17.95,14.53,38.0,1637.0,False,5.55,7.01,0.185,0.13,0.605
WESTERN NORTH,WESTERN,BIA EAST,PLANTAIN,2022,18.03,14.53,38.0,1390.0,True,5.55,7.01,0.185,0.13,0.605
WESTERN NORTH,WESTERN,BIA EAST,PLANTAIN,2023,18.1,14.53,38.0,1909.0,False,5.55,7.01,0.185,0.13,0.605
ASHANTI,ASHANTI,AHAFO ANO SOUTHEAST,RICE,2021,5.98,3.33,6.0,1491.0,False,5.7,6.915,0.26,3.49,4.81
ASHANTI,ASHANTI,AHAFO ANO SOUTHEAST,RICE,2022,5.96,3.33,6.0,1375.0,False,5.7,6.915,0.26,3.49,4.81
ASHANTI,ASHANTI,AHAFO ANO SOUTHEAST,RICE,2023,5.73,3.33,6.0,1624.0,False,5.7,6.915,0.26,3.49,4.81
ASHANTI,ASHANTI,AHAFO ANO SOUTHWEST,RICE,2021,5.98,3.33,6.0,1491.0,False,5.7,6.915,0.26,3.49,4.81
ASHANTI,ASHANTI,AHAFO ANO SOUTHWEST,RICE,2022,5.9,3.33,6.0,1375.0,False,5.7,6.915,0.26,3.49,4.81
ASHANTI,ASHANTI,AHAFO ANO SOUTHWEST,RICE,2023,5.68,3.33,6.0,1624.0,False,5.7,6.915,0.26,3.49,4.81
CENTRAL,CENTRAL,GOMOA EAST,RICE,2021,4.1,3.33,6.0,1381.0,False,6.05,2.15,0.185,4.9,1.2
CENTRAL,CENTRAL,GOMOA EAST,RICE,2022,6.75,3.33,6.0,960.0,False,6.05,2.15,0.185,4.9,1.2
CENTRAL,CENTRAL,GOMOA EAST,RICE,2023,6.5,3.33,6.0,1635.0,False,6.05,2.15,0.185,4.9,1.2
GREATER ACCRA,GREATER ACCRA,AMA,RICE,2021,6.8,3.33,6.0,514.0,False,6.95,2.0,0.16,3.31,4.64
GREATER ACCRA,GREATER ACCRA,AMA,RICE,2022,6.88,3.33,6.0,679.0,False,6.95,2.0,0.16,3.31,4.64
GREATER ACCRA,GREATER ACCRA,SHAI OSUDOKU,RICE,2021,6.5,3.33,6.0,514.0,False,6.95,2.0,0.16,3.31,4.64
GREATER ACCRA,GREATER ACCRA,SHAI OSUDOKU,RICE,2022,6.85,3.33,6.0,679.0,False,6.95,2.0,0.16,3.31,4.64
GREATER ACCRA,GREATER ACCRA,SHAI OSUDOKU,RICE,2023,6.89,3.33,6.0,1115.0,False,6.95,2.0,0.16,3.31,4.64
VOLTA,VOLTA,AFADZATO SOUTH,RICE,2021,5.56,3.33,6.0,1146.0,False,5.95,2.815,0.01,3.31,4.64
VOLTA,VOLTA,AFADZATO SOUTH,RICE,2022,5.96,3.33,6.0,1201.0,True,5.95,2.815,0.01,3.31,4.64
VOLTA,VOLTA,AFADZATO SOUTH,RICE,2023,5.43,3.33,6.0,1450.0,False,5.95,2.815,0.01,3.31,4.64
VOLTA,VOLTA,HO MUNICIPAL,RICE,2021,5.5,3.33,6.0,1146.0,False,5.95,2.815,0.01,3.31,4.64
VOLTA,VOLTA,HO MUNICIPAL,RICE,2022,5.89,3.33,6.0,1201.0,True,5.95,2.815,0.01,3.31,4.64
VOLTA,VOLTA,HO MUNICIPAL,RICE,2023,5.6,3.33,6.0,1450.0,False,5.95,2.815,0.01,3.31,4.64
VOLTA,VOLTA,HOHOE MUNICIPAL,RICE,2021,5.84,3.33,6.0,1146.0,False,5.95,2.815,0.01,3.31,4.64
VOLTA,VOLTA,HOHOE MUNICIPAL,RICE,2022,6.32,3.33,6.0,1201.0,True,5.95,2.815,0.01,3.31,4.64
VOLTA,VOLTA,HOHOE MUNICIPAL,RICE,2023,6.51,3.33,6.0,1450.0,False,5.95,2.815,0.01,3.31,4.64
VOLTA,VOLTA,KETU NORTH,RICE,2021,5.94,3.33,6.0,1146.0,False,5.95,2.815,0.01,3.31,4.64
VOLTA,VOLTA,KETU NORTH,RICE,2022,6.33,3.33,6.0,1201.0,True,5.95,2.815,0.01,3.31,4.64
VOLTA,VOLTA,KETU NORTH,RICE,2023,6.5,3.33,6.0,1450.0,False,5.95,2.815,0.01,3.31,4.64
VOLTA,VOLTA,SOUTH TONGU,RICE,2021,5.96,3.33,6.0,1146.0,False,5.95,2.815,0.01,3.31,4.64
VOLTA,VOLTA,SOUTH TONGU,RICE,2022,6.24,3.33,6.0,1201.0,True,5.95,2.815,0.01,3.31,4.64
VOLTA,VOLTA,SOUTH TONGU,RICE,2023,5.0,3.33,6.0,1450.0,False,5.95,2.815,0.01,3.31,4.64
BONO EAST,BRONG AHAFO,NKORANZA NORTH,SORGHUM,2021,2.85,1.91,2.0,1361.0,False,5.9,6.915,0.26,0.205,4.81
BONO EAST,BRONG AHAFO,NKORANZA NORTH,SORGHUM,2022,2.29,1.91,2.0,1229.5,True,5.9,6.915,0.26,0.205,4.81
BONO EAST,BRONG AHAFO,NKORANZA NORTH,SORGHUM,2023,1.9,1.91,2.0,1481.0,False,5.9,6.915,0.26,0.205,4.81
BONO EAST,BRONG AHAFO,NKORANZA SOUTH,SORGHUM,2021,2.2,1.91,2.0,1361.0,False,5.9,6.915,0.26,0.205,4.81
BONO EAST,BRONG AHAFO,NKORANZA SOUTH,SORGHUM,2022,2.28,1.91,2.0,1229.5,True,5.9,6.915,0.26,0.205,4.81
BONO EAST,BRONG AHAFO,NKORANZA SOUTH,SORGHUM,2023,2.24,1.91,2.0,1481.0,False,5.9,6.915,0.26,0.205,4.81
NORTHEAST,NORTHERN,CHEREPONI,SORGHUM,2021,2.42,1.91,2.0,1137.0,False,5.75,3.37,0.07,3.8,3.925
NORTHEAST,NORTHERN,CHEREPONI,SORGHUM,2022,2.13,1.91,2.0,1076.0,True,5.75,3.37,0.07,3.8,3.925
NORTHEAST,NORTHERN,CHEREPONI,SORGHUM,2023,2.45,1.91,2.0,1150.0,False,5.75,3.37,0.07,3.8,3.925
NORTHERN,NORTHERN,SABOBA,SORGHUM,2021,2.55,1.91,2.0,1137.0,False,5.75,3.37,0.07,3.8,3.925
NORTHERN,NORTHERN,SABOBA,SORGHUM,2022,2.34,1.91,2.0,1076.0,True,5.75,3.37,0.07,3.8,3.925
NORTHERN,NORTHERN,SABOBA,SORGHUM,2023,2.51,1.91,2.0,1115.0,False,5.75,3.37,0.07,3.8,3.925
NORTHERN,NORTHERN,ZABZUGU,SORGHUM,2021,2.4,1.91,2.0,1137.0,False,5.75,3.37,0.07,3.8,3.925
NORTHERN,NORTHERN,ZABZUGU,SORGHUM,2022,2.34,1.91,2.0,1076.0,True,5.75,3.37,0.07,3.8,3.925
SAVANNAH,NORTHERN,NORTH GONJA,SORGHUM,2021,2.0,1.91,2.0,1137.0,False,5.75,3.37,0.07,3.8,3.925
SAVANNAH,NORTHERN,NORTH GONJA,SORGHUM,2022,2.34,1.91,2.0,1076.0,True,5.75,3.37,0.07,3.8,3.925
SAVANNAH,NORTHERN,NORTH GONJA,SORGHUM,2023,2.53,1.91,2.0,1536.0,False,5.75,3.37,0.07,3.8,3.925
SAVANNAH,NORTHERN,SAWLA/TUNA/KALBA,SORGHUM,2021,1.99,1.91,2.0,1137.0,False,5.75,3.37,0.07,3.8,3.925
SAVANNAH,NORTHERN,SAWLA/TUNA/KALBA,SORGHUM,2022,2.24,1.91,2.0,1076.0,True,5.75,3.37,0.07,3.8,3.925
SAVANNAH,NORTHERN,SAWLA/TUNA/KALBA,SORGHUM,2023,2.85,1.91,2.0,1536.0,False,5.75,3.37,0.07,3.8,3.925
UPPER WEST,UPPER WEST,NANDOM,SORGHUM,2021,2.5,1.91,2.0,1184.0,False,5.95,3.755,0.035,1.81,2.395
UPPER WEST,UPPER WEST,NANDOM,SORGHUM,2022,2.66,1.91,2.0,1314.3,False,5.95,3.755,0.035,1.81,2.395
UPPER WEST,UPPER WEST,NANDOM,SORGHUM,2023,2.5,1.91,2.0,1273.0,False,5.95,3.755,0.035,1.81,2.395
UPPER WEST,UPPER WEST,SISSALA EAST,SORGHUM,2021,2.2,1.91,2.0,1184.0,False,5.95,3.755,0.035,1.81,2.395
UPPER WEST,UPPER WEST,SISSALA EAST,SORGHUM,2022,2.4,1.91,2.0,1314.3,False,5.95,3.755,0.035,1.81,2.395
UPPER WEST,UPPER WEST,SISSALA EAST,SORGHUM,2023,2.3,1.91,2.0,1273.0,False,5.95,3.755,0.035,1.81,2.395
UPPER WEST,UPPER WEST,WA WEST,SORGHUM,2021,2.18,1.91,2.0,1184.0,False,5.95,3.755,0.035,1.81,2.395
UPPER WEST,UPPER WEST,WA WEST,SORGHUM,2022,2.34,1.91,2.0,1314.3,False,5.95,3.755,0.035,1.81,2.395
UPPER WEST,UPPER WEST,WA WEST,SORGHUM,2023,2.3,1.91,2.0,1273.0,False,5.95,3.755,0.035,1.81,2.395
NORTHEAST,NORTHERN,BUNKPURUGU NAKPANDURI,SOYABEAN,2021,1.67,1.85,3.0,1137.0,False,5.75,3.37,0.07,3.8,3.925
NORTHEAST,NORTHERN,BUNKPURUGU NAKPANDURI,SOYABEAN,2022,2.21,1.85,3.0,1076.0,True,5.75,3.37,0.07,3.8,3.925
NORTHEAST,NORTHERN,BUNKPURUGU NAKPANDURI,SOYABEAN,2023,2.99,1.85,3.0,1150.0,False,5.75,3.37,0.07,3.8,3.925
NORTHERN,NORTHERN,GUSHIEGU,SOYABEAN,2021,2.0,1.85,3.0,1137.0,False,5.75,3.37,0.07,3.8,3.925
NORTHERN,NORTHERN,GUSHIEGU,SOYABEAN,2022,2.1,1.85,3.0,1076.0,True,5.75,3.37,0.07,3.8,3.925
NORTHERN,NORTHERN,GUSHIEGU,SOYABEAN,2023,2.47,1.85,3.0,1115.0,False,5.75,3.37,0.07,3.8,3.925
NORTHERN,NORTHERN,MION,SOYABEAN,2021,2.5,1.85,3.0,1137.0,False,5.75,3.37,0.07,3.8,3.925
NORTHERN,NORTHERN,MION,SOYABEAN,2022,2.5,1.85,3.0,1076.0,True,5.75,3.37,0.07,3.8,3.925
NORTHERN,NORTHERN,MION,SOYABEAN,2023,2.5,1.85,3.0,1115.0,False,5.75,3.37,0.07,3.8,3.925
NORTHERN,NORTHERN,SAVELUGU,SOYABEAN,2021,2.0,1.85,3.0,1137.0,False,5.75,3.37,0.07,3.8,3.925
NORTHERN,NORTHERN,SAVELUGU,SOYABEAN,2022,2.2,1.85,3.0,1076.0,True,5.75,3.37,0.07,3.8,3.925
NORTHERN,NORTHERN,SAVELUGU,SOYABEAN,2023,2.6,1.85,3.0,1115.0,False,5.75,3.37,0.07,3.8,3.925
NORTHERN,NORTHERN,TAMALE METRO,SOYABEAN,2021,2.0,1.85,3.0,1137.0,False,5.75,3.37,0.07,3.8,3.925
NORTHERN,NORTHERN,TAMALE METRO,SOYABEAN,2022,2.0,1.85,3.0,1076.0,True,5.75,3.37,0.07,3.8,3.925
NORTHERN,NORTHERN,TAMALE METRO,SOYABEAN,2023,2.2,1.85,3.0,1115.0,False,5.75,3.37,0.07,3.8,3.925
NORTHERN,NORTHERN,TOLON,SOYABEAN,2021,2.2,1.85,3.0,1137.0,False,5.75,3.37,0.07,3.8,3.925
NORTHERN,NORTHERN,TOLON,SOYABEAN,2022,2.2,1.85,3.0,1076.0,True,5.75,3.37,0.07,3.8,3.925
NORTHERN,NORTHERN,TOLON,SOYABEAN,2023,3.0,1.85,3.0,1115.0,False,5.75,3.37,0.07,3.8,3.925
OTI,VOLTA,KRACHI NCHUMURU,SOYABEAN,2021,1.91,1.85,3.0,1146.0,False,5.95,2.815,0.01,3.31,4.64
OTI,VOLTA,KRACHI NCHUMURU,SOYABEAN,2022,2.34,1.85,3.0,1201.0,True,5.95,2.815,0.01,3.31,4.64
OTI,VOLTA,KRACHI NCHUMURU,SOYABEAN,2023,1.9,1.85,3.0,1401.0,False,5.95,2.815,0.01,3.31,4.64
SAVANNAH,NORTHERN,NORTH GONJA,SOYABEAN,2021,2.0,1.85,3.0,1137.0,False,5.75,3.37,0.07,3.8,3.925
SAVANNAH,NORTHERN,NORTH GONJA,SOYABEAN,2022,2.37,1.85,3.0,1076.0,True,5.75,3.37,0.07,3.8,3.925
SAVANNAH,NORTHERN,NORTH GONJA,SOYABEAN,2023,2.84,1.85,3.0,1536.0,False,5.75,3.37,0.07,3.8,3.925
SAVANNAH,NORTHERN,SAWLA/TUNA/KALBA,SOYABEAN,2021,1.5,1.85,3.0,1137.0,False,5.75,3.37,0.07,3.8,3.925
SAVANNAH,NORTHERN,SAWLA/TUNA/KALBA,SOYABEAN,2022,2.37,1.85,3.0,1076.0,True,5.75,3.37,0.07,3.8,3.925
SAVANNAH,NORTHERN,SAWLA/TUNA/KALBA,SOYABEAN,2023,2.75,1.85,3.0,1536.0,False,5.75,3.37,0.07,3.8,3.925
SAVANNAH,NORTHERN,WEST GONJA,SOYABEAN,2021,2.13,1.85,3.0,1137.0,False,5.75,3.37,0.07,3.8,3.925
SAVANNAH,NORTHERN,WEST GONJA,SOYABEAN,2022,2.47,1.85,3.0,1076.0,True,5.75,3.37,0.07,3.8,3.925
SAVANNAH,NORTHERN,WEST GONJA,SOYABEAN,2023,2.85,1.85,3.0,1536.0,False,5.75,3.37,0.07,3.8,3.925
BONO EAST,BRONG AHAFO,ATEBUBU-AMANTIN,YAM,2021,25.89,18.81,52.0,1361.0,False,5.9,6.915,0.26,0.205,4.81
BONO EAST,BRONG AHAFO,ATEBUBU-AMANTIN,YAM,2022,26.55,18.81,52.0,1229.5,True,5.9,6.915,0.26,0.205,4.81
BONO EAST,BRONG AHAFO,ATEBUBU-AMANTIN,YAM,2023,27.0,18.81,52.0,1481.0,False,5.9,6.915,0.26,0.205,4.81
BONO EAST,BRONG AHAFO,SENE EAST,YAM,2021,24.31,18.81,52.0,1361.0,False,5.9,6.915,0.26,0.205,4.81
BONO EAST,BRONG AHAFO,SENE EAST,YAM,2022,25.3,18.81,52.0,1229.5,True,5.9,6.915,0.26,0.205,4.81
BONO EAST,BRONG AHAFO,SENE EAST,YAM,2023,28.3,18.81,52.0,1481.0,False,5.9,6.915,0.26,0.205,4.81
EASTERN,EASTERN,KWAHU AFRAM PLAINS NORTH,YAM,2021,23.4,18.81,52.0,1597.0,False,5.95,4.095,0.185,1.74,4.81
EASTERN,EASTERN,KWAHU AFRAM PLAINS NORTH,YAM,2022,23.34,18.81,52.0,1389.0,False,5.95,4.095,0.185,1.74,4.81
EASTERN,EASTERN,KWAHU AFRAM PLAINS NORTH,YAM,2023,23.56,18.81,52.0,1416.0,False,5.95,4.095,0.185,1.74,4.81
EASTERN,EASTERN,KWAHU AFRAM PLAINS SOUTH,YAM,2021,23.6,18.81,52.0,1597.0,False,5.95,4.095,0.185,1.74,4.81
EASTERN,EASTERN,KWAHU AFRAM PLAINS SOUTH,YAM,2022,23.54,18.81,52.0,1389.0,False,5.95,4.095,0.185,1.74,4.81
EASTERN,EASTERN,KWAHU AFRAM PLAINS SOUTH,YAM,2023,23.67,18.81,52.0,1416.0,False,5.95,4.095,0.185,1.74,4.81
EASTERN,EASTERN,KWAHU EAST,YAM,2021,23.8,18.81,52.0,1597.0,False,5.95,4.095,0.185,1.74,4.81
EASTERN,EASTERN,KWAHU EAST,YAM,2022,23.43,18.81,52.0,1389.0,False,5.95,4.095,0.185,1.74,4.81
EASTERN,EASTERN,KWAHU EAST,YAM,2023,23.27,18.81,52.0,1416.0,False,5.95,4.095,0.185,1.74,4.81
OTI,VOLTA,BIAKOYE,YAM,2021,25.1,18.81,52.0,1146.0,False,5.95,2.815,0.01,3.31,4.64
OTI,VOLTA,BIAKOYE,YAM,2022,25.3,18.81,52.0,1201.0,True,5.95,2.815,0.01,3.31,4.64
OTI,VOLTA,BIAKOYE,YAM,2023,25.0,18.81,52.0,1401.0,False,5.95,2.815,0.01,3.31,4.64
SAVANNAH,NORTHERN,WEST GONJA,YAM,2021,22.6,18.81,52.0,1137.0,False,5.75,3.37,0.07,3.8,3.925
SAVANNAH,NORTHERN,WEST GONJA,YAM,2022,23.0,18.81,52.0,1076.0,True,5.75,3.37,0.07,3.8,3.925
SAVANNAH,NORTHERN,WEST GONJA,YAM,2023,25.73,18.81,52.0,1536.0,False,5.75,3.37,0.07,3.8,3.925
UPPER WEST,UPPER WEST,DAFIAMA-BUSSIE-ISSA,YAM,2021,24.03,18.81,52.0,1184.0,False,5.95,3.755,0.035,1.81,2.395
UPPER WEST,UPPER WEST,DAFIAMA-BUSSIE-ISSA,YAM,2022,24.04,18.81,52.0,1314.3,False,5.95,3.755,0.035,1.81,2.395
UPPER WEST,UPPER WEST,DAFIAMA-BUSSIE-ISSA,YAM,2023,24.1,18.81,52.0,1273.0,False,5.95,3.755,0.035,1.81,2.395
UPPER WEST,UPPER WEST,NADOWLI,YAM,2021,24.2,18.81,52.0,1184.0,False,5.95,3.755,0.035,1.81,2.395
UPPER WEST,UPPER WEST,NADOWLI,YAM,2022,24.2,18.81,52.0,1314.3,False,5.95,3.755,0.035,1.81,2.395
UPPER WEST,UPPER WEST,NADOWLI,YAM,2023,24.3,18.81,52.0,1273.0,False,5.95,3.755,0.035,1.81,2.395
UPPER WEST,UPPER WEST,WA MUNICIPAL,YAM,2021,23.9,18.81,52.0,1184.0,False,5.95,3.755,0.035,1.81,2.395
UPPER WEST,UPPER WEST,WA MUNICIPAL,YAM,2022,23.9,18.81,52.0,1314.3,False,5.95,3.755,0.035,1.81,2.395
UPPER WEST,UPPER WEST,WA MUNICIPAL,YAM,2023,23.95,18.81,52.0,1273.0,False,5.95,3.755,0.035,1.81,2.395
